Date,Sales,Product,Category,Year,Month,Day
2024-01-01,5248.3570765056165,Mobile,Accessories,2024,1,1
2024-01-02,4953.081205570243,Mobile,Accessories,2024,1,2
2024-01-03,5368.2658806730915,Laptop,Accessories,2024,1,3
2024-01-04,5828.1345954272665,Laptop,Accessories,2024,1,4
2024-01-05,4971.725739440652,Laptop,Accessories,2024,1,5
2024-01-06,4993.8963202628565,Mobile,Accessories,2024,1,6
2024-01-07,5922.708105201131,Mobile,Electronics,2024,1,7
2024-01-08,5538.925409475807,Headphones,Electronics,2024,1,8
2024-01-09,4942.541579145788,Tablet,Electronics,2024,1,9
2024-01-10,5470.588842457264,Laptop,Electronics,2024,1,10
2024-01-11,4989.584297775247,Mobile,Electronics,2024,1,11
2024-01-12,5010.361833058116,Mobile,Accessories,2024,1,12
2024-01-13,5386.085635651636,Laptop,Accessories,2024,1,13
2024-01-14,4330.281390675267,Tablet,Accessories,2024,1,14
2024-01-15,4446.213849749434,Laptop,Accessories,2024,1,15
2024-01-16,5049.2095304957,Tablet,Accessories,2024,1,16
2024-01-17,4845.5425973668935,Mobile,Accessories,2024,1,17
2024-01-18,5530.606099178246,Tablet,Accessories,2024,1,18
2024-01-19,4940.909186895684,Headphones,Electronics,2024,1,19
2024-01-20,4710.117811024718,Mobile,Electronics,2024,1,20
2024-01-21,6170.34728405489,Headphones,Electronics,2024,1,21
2024-01-22,5345.787971933104,Laptop,Electronics,2024,1,22
2024-01-23,5513.488645234635,Laptop,Accessories,2024,1,23
2024-01-24,4788.289313136878,Laptop,Accessories,2024,1,24
2024-01-25,5249.296626943381,Tablet,Accessories,2024,1,25
2024-01-26,5597.65489746725,Mobile,Electronics,2024,1,26
2024-01-27,4987.27880383928,Laptop,Accessories,2024,1,27
2024-01-28,5771.078350913247,Laptop,Accessories,2024,1,28
2024-01-29,5303.230925943448,Mobile,Accessories,2024,1,29
2024-01-30,5477.88696521915,Laptop,Electronics,2024,1,30
2024-01-31,5342.922244045279,Headphones,Accessories,2024,1,31
2024-02-01,6589.8100361065735,Mobile,Electronics,2024,2,1
2024-02-02,5676.6669949965835,Mobile,Electronics,2024,2,2
2024-02-03,5174.149707060349,Mobile,Electronics,2024,2,3
2024-02-04,6133.707769219214,Headphones,Electronics,2024,2,4
2024-02-05,5131.279931305607,Mobile,Accessories,2024,2,5
2024-02-06,5865.232070956179,Headphones,Electronics,2024,2,6
2024-02-07,4799.891625020875,Mobile,Electronics,2024,2,7
2024-02-08,5134.3838456659105,Tablet,Accessories,2024,2,8
2024-02-09,5915.4773663754295,Laptop,Accessories,2024,2,9
2024-02-10,6204.665590887883,Tablet,Electronics,2024,2,10
2024-02-11,5939.313701629967,Laptop,Accessories,2024,2,11
2024-02-12,5813.810477048159,Headphones,Electronics,2024,2,12
2024-02-13,5738.891771038301,Tablet,Electronics,2024,2,13
2024-02-14,5167.791772039953,Mobile,Electronics,2024,2,14
2024-02-15,5564.536222854293,Laptop,Electronics,2024,2,15
2024-02-16,5711.337236801881,Laptop,Accessories,2024,2,16
2024-02-17,6487.205151405371,Tablet,Electronics,2024,2,17
2024-02-18,6147.2261677482165,Headphones,Accessories,2024,2,18
2024-02-19,5110.452010015188,Tablet,Accessories,2024,2,19
2024-02-20,6170.34779317596,Headphones,Accessories,2024,2,20
2024-02-21,5831.87368667578,Headphones,Accessories,2024,2,21
2024-02-22,5701.834850917797,Laptop,Electronics,2024,2,22
2024-02-23,6361.783801177212,Tablet,Accessories,2024,2,23
2024-02-24,6586.860849422652,Tablet,Electronics,2024,2,24
2024-02-25,6552.17911856546,Headphones,Accessories,2024,2,25
2024-02-26,5681.867791691096,Tablet,Accessories,2024,2,26
2024-02-27,5961.5644384402,Mobile,Electronics,2024,2,27
2024-02-28,6296.25012133626,Mobile,Electronics,2024,2,28
2024-02-29,6632.589655088707,Tablet,Electronics,2024,2,29
2024-03-01,5919.176839353158,Tablet,Accessories,2024,3,1
2024-03-02,6079.626866397688,Headphones,Accessories,2024,3,2
2024-03-03,5632.724218141229,Mobile,Electronics,2024,3,3
2024-03-04,5600.964197903028,Mobile,Electronics,2024,3,4
2024-03-05,6618.244257656647,Laptop,Electronics,2024,3,5
2024-03-06,6902.750883937654,Headphones,Electronics,2024,3,6
2024-03-07,6201.008752012469,Laptop,Accessories,2024,3,7
2024-03-08,6750.8944371313455,Mobile,Electronics,2024,3,8
2024-03-09,6441.789300240452,Headphones,Electronics,2024,3,9
2024-03-10,5949.981806276634,Tablet,Electronics,2024,3,10
2024-03-11,6464.535031577133,Headphones,Electronics,2024,3,11
2024-03-12,7063.87434117488,Tablet,Accessories,2024,3,12
2024-03-13,6287.683367872167,Tablet,Electronics,2024,3,13
2024-03-14,7098.378344202157,Headphones,Accessories,2024,3,14
2024-03-15,5016.362274547033,Tablet,Electronics,2024,3,15
2024-03-16,6747.081036059913,Laptop,Electronics,2024,3,16
2024-03-17,6389.26347177394,Mobile,Accessories,2024,3,17
2024-03-18,6205.560246618574,Tablet,Electronics,2024,3,18
2024-03-19,6409.980843440172,Laptop,Accessories,2024,3,19
2024-03-20,5379.06388420521,Tablet,Accessories,2024,3,20
2024-03-21,6271.470526352853,Mobile,Electronics,2024,3,21
2024-03-22,6568.030102507965,Laptop,Accessories,2024,3,22
2024-03-23,7136.296464764744,Mobile,Accessories,2024,3,23
2024-03-24,6145.79738595053,Mobile,Accessories,2024,3,24
2024-03-25,6007.975407971338,Laptop,Accessories,2024,3,25
2024-03-26,6168.339385101684,Laptop,Accessories,2024,3,26
2024-03-27,6883.620054998217,Laptop,Accessories,2024,3,27
2024-03-28,6596.700527937998,Headphones,Accessories,2024,3,28
2024-03-29,6173.555319272045,Laptop,Accessories,2024,3,29
2024-03-30,6700.883727796362,Laptop,Electronics,2024,3,30
2024-03-31,6498.307276653911,Laptop,Electronics,2024,3,31
2024-04-01,6939.313235002635,Laptop,Accessories,2024,4,1
2024-04-02,6108.890111716062,Tablet,Electronics,2024,4,2
2024-04-03,6300.715207388474,Headphones,Accessories,2024,4,3
2024-04-04,6272.8256390189545,Mobile,Accessories,2024,4,4
2024-04-05,5741.159686799333,Laptop,Electronics,2024,4,5
2024-04-06,6624.719040286458,Tablet,Accessories,2024,4,6
2024-04-07,6610.632947190642,Tablet,Accessories,2024,4,7
2024-04-08,6485.813577588645,Tablet,Accessories,2024,4,8
2024-04-09,6368.820497305881,Mobile,Accessories,2024,4,9
2024-04-10,5780.9922192071335,Laptop,Electronics,2024,4,10
2024-04-11,6280.625488581151,Headphones,Accessories,2024,4,11
2024-04-12,6321.569293716597,Headphones,Accessories,2024,4,12
2024-04-13,6093.4750570346805,Tablet,Accessories,2024,4,13
2024-04-14,6415.367694799364,Mobile,Electronics,2024,4,14
2024-04-15,6699.14362503633,Mobile,Accessories,2024,4,15
2024-04-16,7441.03073362933,Mobile,Electronics,2024,4,16
2024-04-17,6585.759454980069,Headphones,Electronics,2024,4,17
2024-04-18,6627.493012348679,Tablet,Accessories,2024,4,18
2024-04-19,6461.458038747362,Laptop,Accessories,2024,4,19
2024-04-20,5538.975972362651,Headphones,Electronics,2024,4,20
2024-04-21,6484.504205665812,Tablet,Accessories,2024,4,21
2024-04-22,6526.996451265944,Tablet,Electronics,2024,4,22
2024-04-23,7727.344987280622,Laptop,Electronics,2024,4,23
2024-04-24,6398.110239802532,Laptop,Accessories,2024,4,24
2024-04-25,6643.357297226199,Laptop,Accessories,2024,4,25
2024-04-26,6473.248745241594,Mobile,Electronics,2024,4,26
2024-04-27,5904.016783514919,Laptop,Electronics,2024,4,27
2024-04-28,7057.250697992419,Tablet,Electronics,2024,4,28
2024-04-29,6859.02383897288,Laptop,Electronics,2024,4,29
2024-04-30,6875.52817749506,Tablet,Accessories,2024,4,30
2024-05-01,6022.012591311952,Headphones,Accessories,2024,5,1
2024-05-02,7174.539283517961,Mobile,Accessories,2024,5,2
2024-05-03,5768.396638353686,Headphones,Accessories,2024,5,3
2024-05-04,6758.677604253198,Headphones,Accessories,2024,5,4
2024-05-05,7556.153292323626,Tablet,Electronics,2024,5,5
2024-05-06,5961.086036158566,Headphones,Accessories,2024,5,6
2024-05-07,6168.38918664453,Tablet,Accessories,2024,5,7
2024-05-08,6496.305628864765,Laptop,Accessories,2024,5,8
2024-05-09,6189.445036724516,Laptop,Accessories,2024,5,9
2024-05-10,5660.318139545649,Tablet,Accessories,2024,5,10
2024-05-11,6464.165528770054,Laptop,Electronics,2024,5,11
2024-05-12,5892.73675592749,Mobile,Electronics,2024,5,12
2024-05-13,6654.463042849598,Headphones,Electronics,2024,5,13
2024-05-14,5951.509893731694,Mobile,Accessories,2024,5,14
2024-05-15,7179.524756595257,Headphones,Electronics,2024,5,15
2024-05-16,6006.050267507843,Laptop,Electronics,2024,5,16
2024-05-17,6229.552852004341,Mobile,Accessories,2024,5,17
2024-05-18,6790.039835571813,Laptop,Accessories,2024,5,18
2024-05-19,5760.341251260038,Headphones,Accessories,2024,5,19
2024-05-20,6481.793831515598,Tablet,Electronics,2024,5,20
2024-05-21,7013.727734350299,Tablet,Electronics,2024,5,21
2024-05-22,5548.313095955949,Mobile,Accessories,2024,5,22
2024-05-23,6436.079743861987,Laptop,Accessories,2024,5,23
2024-05-24,6465.225997087539,Laptop,Electronics,2024,5,24
2024-05-25,6717.535499113578,Mobile,Electronics,2024,5,25
2024-05-26,5699.309896853432,Tablet,Accessories,2024,5,26
2024-05-27,5648.543961362187,Headphones,Accessories,2024,5,27
2024-05-28,6560.5600452186245,Mobile,Electronics,2024,5,28
2024-05-29,6438.732775157244,Headphones,Accessories,2024,5,29
2024-05-30,6405.976473334871,Tablet,Electronics,2024,5,30
2024-05-31,6444.2864957643405,Laptop,Electronics,2024,5,31
2024-06-01,5921.22945265653,Tablet,Electronics,2024,6,1
2024-06-02,6367.399555689192,Mobile,Electronics,2024,6,2
2024-06-03,6387.695744323205,Laptop,Accessories,2024,6,3
2024-06-04,5873.730984495275,Mobile,Accessories,2024,6,4
2024-06-05,7153.406039922874,Mobile,Electronics,2024,6,5
2024-06-06,6446.916800425448,Tablet,Electronics,2024,6,6
2024-06-07,5603.704210214297,Mobile,Electronics,2024,6,7
2024-06-08,6516.867080973381,Tablet,Electronics,2024,6,8
2024-06-09,5690.367130090304,Laptop,Electronics,2024,6,9
2024-06-10,6560.256032600994,Tablet,Accessories,2024,6,10
2024-06-11,6734.910102174435,Laptop,Accessories,2024,6,11
2024-06-12,5734.0673230486755,Tablet,Accessories,2024,6,12
2024-06-13,6614.795105557988,Headphones,Accessories,2024,6,13
2024-06-14,6328.10328274174,Headphones,Electronics,2024,6,14
2024-06-15,6521.26075519646,Mobile,Electronics,2024,6,15
2024-06-16,7047.061984054981,Tablet,Electronics,2024,6,16
2024-06-17,5964.3281224795,Tablet,Electronics,2024,6,17
2024-06-18,5698.437588051867,Laptop,Electronics,2024,6,18
2024-06-19,5618.763700627034,Mobile,Accessories,2024,6,19
2024-06-20,5643.767747310857,Tablet,Electronics,2024,6,20
2024-06-21,6001.21573101851,Mobile,Accessories,2024,6,21
2024-06-22,6198.383000346839,Headphones,Accessories,2024,6,22
2024-06-23,6154.144596584884,Tablet,Accessories,2024,6,23
2024-06-24,6417.339801970593,Tablet,Accessories,2024,6,24
2024-06-25,5998.159953060649,Mobile,Electronics,2024,6,25
2024-06-26,6706.303788395858,Tablet,Accessories,2024,6,26
2024-06-27,5835.058062614486,Mobile,Accessories,2024,6,27
2024-06-28,7315.297860660603,Tablet,Accessories,2024,6,28
2024-06-29,6255.855906887034,Laptop,Electronics,2024,6,29
2024-06-30,5502.239662018991,Mobile,Electronics,2024,6,30
2024-07-01,5383.160747858133,Tablet,Electronics,2024,7,1
2024-07-02,6147.6292107329045,Headphones,Accessories,2024,7,2
2024-07-03,5782.4501671099415,Tablet,Accessories,2024,7,3
2024-07-04,6238.978014041515,Headphones,Electronics,2024,7,4
2024-07-05,6106.405534920979,Headphones,Accessories,2024,7,5
2024-07-06,5821.1990644381,Laptop,Electronics,2024,7,6
2024-07-07,5422.066391148598,Mobile,Electronics,2024,7,7
2024-07-08,5075.917380535373,Tablet,Accessories,2024,7,8
2024-07-09,5597.9943465139095,Laptop,Accessories,2024,7,9
2024-07-10,6237.400200241861,Tablet,Accessories,2024,7,10
2024-07-11,5904.239859126585,Headphones,Accessories,2024,7,11
2024-07-12,5162.364024918444,Mobile,Electronics,2024,7,12
2024-07-13,5859.917573132015,Tablet,Electronics,2024,7,13
2024-07-14,5954.137774424622,Tablet,Electronics,2024,7,14
2024-07-15,5307.765611668821,Headphones,Electronics,2024,7,15
2024-07-16,5814.840372491829,Tablet,Electronics,2024,7,16
2024-07-17,5755.438866494993,Tablet,Accessories,2024,7,17
2024-07-18,5143.284175885472,Headphones,Electronics,2024,7,18
2024-07-19,5882.180860900652,Laptop,Electronics,2024,7,19
2024-07-20,5972.28522224829,Headphones,Electronics,2024,7,20
2024-07-21,6222.117139363108,Laptop,Accessories,2024,7,21
2024-07-22,6196.288713346718,Mobile,Accessories,2024,7,22
2024-07-23,4969.4515852916875,Laptop,Accessories,2024,7,23
2024-07-24,5178.379514838474,Laptop,Accessories,2024,7,24
2024-07-25,5893.927356947863,Mobile,Electronics,2024,7,25
2024-07-26,5882.537016640483,Laptop,Electronics,2024,7,26
2024-07-27,5872.52350318347,Headphones,Accessories,2024,7,27
2024-07-28,7530.846960976865,Laptop,Accessories,2024,7,28
2024-07-29,5879.538561838124,Mobile,Electronics,2024,7,29
2024-07-30,6151.6233124164355,Headphones,Electronics,2024,7,30
2024-07-31,6050.728174637911,Mobile,Accessories,2024,7,31
2024-08-01,5889.4538122071235,Mobile,Accessories,2024,8,1
2024-08-02,5396.3029866639745,Tablet,Accessories,2024,8,2
2024-08-03,5923.7545620847,Tablet,Accessories,2024,8,3
2024-08-04,5148.346954190563,Mobile,Electronics,2024,8,4
2024-08-05,5407.001434219819,Mobile,Electronics,2024,8,5
2024-08-06,5273.545958181124,Mobile,Electronics,2024,8,6
2024-08-07,5548.151817400688,Tablet,Accessories,2024,8,7
2024-08-08,6655.705220111831,Tablet,Accessories,2024,8,8
2024-08-09,4556.082803740797,Laptop,Electronics,2024,8,9
2024-08-10,5824.367280591423,Laptop,Electronics,2024,8,10
2024-08-11,4666.58735116861,Mobile,Electronics,2024,8,11
2024-08-12,5228.877709896198,Headphones,Electronics,2024,8,12
2024-08-13,6001.41143427015,Headphones,Accessories,2024,8,13
2024-08-14,5481.366600070715,Tablet,Electronics,2024,8,14
2024-08-15,4902.84638414837,Tablet,Electronics,2024,8,15
2024-08-16,5076.764535262839,Tablet,Electronics,2024,8,16
2024-08-17,5767.121960791376,Mobile,Electronics,2024,8,17
2024-08-18,5055.259130054944,Headphones,Electronics,2024,8,18
2024-08-19,5522.007283942392,Laptop,Electronics,2024,8,19
2024-08-20,5430.119092419899,Mobile,Electronics,2024,8,20
2024-08-21,5075.311213406549,Laptop,Accessories,2024,8,21
2024-08-22,6467.088003295623,Laptop,Accessories,2024,8,22
2024-08-23,5706.3096560802915,Mobile,Accessories,2024,8,23
2024-08-24,4371.245842888581,Laptop,Accessories,2024,8,24
2024-08-25,5471.747211063769,Headphones,Electronics,2024,8,25
2024-08-26,5042.568716169891,Laptop,Accessories,2024,8,26
2024-08-27,5794.862468674202,Headphones,Accessories,2024,8,27
2024-08-28,4967.8141513650135,Headphones,Electronics,2024,8,28
2024-08-29,5302.382721913487,Headphones,Electronics,2024,8,29
2024-08-30,5608.171469740402,Tablet,Accessories,2024,8,30
2024-08-31,5784.735469035149,Laptop,Accessories,2024,8,31
2024-09-01,4748.1454777627905,Mobile,Electronics,2024,9,1
2024-09-02,5177.73717810599,Mobile,Accessories,2024,9,2
2024-09-03,5104.470021790029,Laptop,Electronics,2024,9,3
2024-09-04,5012.4960929782355,Tablet,Electronics,2024,9,4
2024-09-05,6219.371317815864,Tablet,Electronics,2024,9,5
2024-09-06,5536.886225386262,Headphones,Electronics,2024,9,6
2024-09-07,4701.974396773084,Laptop,Accessories,2024,9,7
2024-09-08,5789.640251334295,Laptop,Electronics,2024,9,8
2024-09-09,6390.354167468337,Mobile,Electronics,2024,9,9
2024-09-10,5844.351283980142,Laptop,Accessories,2024,9,10
2024-09-11,4567.5538736325725,Tablet,Electronics,2024,9,11
2024-09-12,5084.521383554703,Laptop,Accessories,2024,9,12
2024-09-13,5959.774577962866,Mobile,Accessories,2024,9,13
2024-09-14,4972.447450203313,Headphones,Accessories,2024,9,14
2024-09-15,5548.439165508966,Mobile,Electronics,2024,9,15
2024-09-16,5714.379243690604,Mobile,Accessories,2024,9,16
2024-09-17,4864.416567581897,Headphones,Accessories,2024,9,17
2024-09-18,5299.226771336732,Mobile,Electronics,2024,9,18
2024-09-19,3709.752638319974,Mobile,Accessories,2024,9,19
2024-09-20,4819.879627352873,Laptop,Accessories,2024,9,20
2024-09-21,5207.76777433959,Laptop,Accessories,2024,9,21
2024-09-22,4712.430818785235,Headphones,Accessories,2024,9,22
2024-09-23,6155.091587972363,Laptop,Accessories,2024,9,23
2024-09-24,4626.672461752269,Laptop,Electronics,2024,9,24
2024-09-25,5124.872445550811,Mobile,Accessories,2024,9,25
2024-09-26,5413.7113868888755,Tablet,Accessories,2024,9,26
2024-09-27,6072.719483667665,Laptop,Electronics,2024,9,27
2024-09-28,4638.189208825247,Tablet,Electronics,2024,9,28
2024-09-29,5942.035595390123,Laptop,Electronics,2024,9,29
2024-09-30,5370.199871855056,Laptop,Accessories,2024,9,30
2024-10-01,4879.254934739834,Headphones,Electronics,2024,10,1
2024-10-02,5606.2832351517445,Headphones,Accessories,2024,10,2
2024-10-03,5480.279836547052,Headphones,Accessories,2024,10,3
2024-10-04,5086.456140265038,Tablet,Electronics,2024,10,4
2024-10-05,5427.576069386853,Mobile,Electronics,2024,10,5
2024-10-06,5206.42420542194,Laptop,Accessories,2024,10,6
2024-10-07,5462.540765731672,Laptop,Electronics,2024,10,7
2024-10-08,5743.843127842591,Laptop,Accessories,2024,10,8
2024-10-09,6213.075912985323,Tablet,Electronics,2024,10,9
2024-10-10,4808.742808192589,Headphones,Electronics,2024,10,10
2024-10-11,6502.0428705760405,Mobile,Electronics,2024,10,11
2024-10-12,4467.64962996714,Tablet,Accessories,2024,10,12
2024-10-13,5376.259110976552,Headphones,Electronics,2024,10,13
2024-10-14,5755.0581480698675,Tablet,Accessories,2024,10,14
2024-10-15,5610.432012016009,Mobile,Accessories,2024,10,15
2024-10-16,5167.910302434849,Headphones,Accessories,2024,10,16
2024-10-17,5384.809090949062,Tablet,Accessories,2024,10,17
2024-10-18,5252.264706078678,Mobile,Electronics,2024,10,18
2024-10-19,5214.261105232741,Laptop,Accessories,2024,10,19
2024-10-20,5944.2046610833695,Mobile,Accessories,2024,10,20
2024-10-21,5708.651685040628,Laptop,Electronics,2024,10,21
2024-10-22,5194.707973546747,Tablet,Accessories,2024,10,22
2024-10-23,6002.258254137429,Headphones,Electronics,2024,10,23
2024-10-24,5717.67847272167,Headphones,Accessories,2024,10,24
2024-10-25,5982.303071234147,Tablet,Electronics,2024,10,25
2024-10-26,5902.800608159169,Headphones,Accessories,2024,10,26
2024-10-27,5185.87162488672,Headphones,Electronics,2024,10,27
2024-10-28,5332.928133441967,Laptop,Accessories,2024,10,28
2024-10-29,5999.579292618268,Tablet,Accessories,2024,10,29
2024-10-30,5944.293427572489,Mobile,Electronics,2024,10,30
2024-10-31,5642.092848288328,Laptop,Electronics,2024,10,31
2024-11-01,5724.899733378588,Tablet,Electronics,2024,11,1
2024-11-02,6319.0153563666845,Laptop,Electronics,2024,11,2
2024-11-03,5398.595899947607,Mobile,Accessories,2024,11,3
2024-11-04,5982.378064219211,Mobile,Accessories,2024,11,4
2024-11-05,5622.427120480638,Tablet,Electronics,2024,11,5
2024-11-06,5629.620339379028,Mobile,Accessories,2024,11,6
2024-11-07,6303.027337818918,Laptop,Electronics,2024,11,7
2024-11-08,6181.762517737237,Mobile,Electronics,2024,11,8
2024-11-09,6191.458966929544,Laptop,Accessories,2024,11,9
2024-11-10,6453.324576693227,Laptop,Accessories,2024,11,10
2024-11-11,5827.196112337817,Mobile,Accessories,2024,11,11
2024-11-12,6174.004397950927,Tablet,Accessories,2024,11,12
2024-11-13,5694.449598739287,Headphones,Accessories,2024,11,13
2024-11-14,6028.439137948309,Mobile,Accessories,2024,11,14
2024-11-15,5818.271850534383,Laptop,Accessories,2024,11,15
2024-11-16,5949.0396554447125,Laptop,Electronics,2024,11,16
2024-11-17,6215.52574549479,Mobile,Electronics,2024,11,17
2024-11-18,5526.446039550318,Tablet,Electronics,2024,11,18
2024-11-19,6999.559019600451,Tablet,Electronics,2024,11,19
2024-11-20,5468.361748215168,Laptop,Electronics,2024,11,20
2024-11-21,5382.473392715957,Laptop,Accessories,2024,11,21
2024-11-22,6587.008688309165,Tablet,Electronics,2024,11,22
2024-11-23,6422.354476866341,Headphones,Electronics,2024,11,23
2024-11-24,6357.333221565314,Mobile,Electronics,2024,11,24
2024-11-25,6378.372481178339,Laptop,Electronics,2024,11,25
2024-11-26,6077.174857285424,Laptop,Electronics,2024,11,26
2024-11-27,5653.937501089465,Tablet,Electronics,2024,11,27
2024-11-28,6159.897107558563,Mobile,Electronics,2024,11,28
2024-11-29,5803.003536878394,Tablet,Accessories,2024,11,29
2024-11-30,6648.888922856771,Mobile,Accessories,2024,11,30
2024-12-01,6107.695759088953,Mobile,Electronics,2024,12,1
2024-12-02,5788.517561487955,Mobile,Accessories,2024,12,2
2024-12-03,6060.756808270652,Laptop,Accessories,2024,12,3
2024-12-04,6448.236385397401,Headphones,Accessories,2024,12,4
2024-12-05,5980.362131047581,Tablet,Accessories,2024,12,5
2024-12-06,5871.696199604467,Headphones,Electronics,2024,12,6
2024-12-07,6425.355616539982,Tablet,Accessories,2024,12,7
2024-12-08,6446.819879310754,Mobile,Accessories,2024,12,8
2024-12-09,6091.803869423761,Laptop,Accessories,2024,12,9
2024-12-10,6130.804725014466,Headphones,Electronics,2024,12,10
2024-12-11,6503.502069084705,Laptop,Electronics,2024,12,11
2024-12-12,5684.688167558973,Tablet,Electronics,2024,12,12
2024-12-13,5726.346888155433,Laptop,Electronics,2024,12,13
2024-12-14,6092.295456493172,Laptop,Electronics,2024,12,14
2024-12-15,6366.318266609971,Headphones,Electronics,2024,12,15
2024-12-16,6650.100487682815,Mobile,Electronics,2024,12,16
2024-12-17,7254.005342468827,Laptop,Accessories,2024,12,17
2024-12-18,6966.908298596843,Mobile,Accessories,2024,12,18
2024-12-19,6479.926235149667,Tablet,Accessories,2024,12,19
2024-12-20,6572.265186205412,Laptop,Electronics,2024,12,20
2024-12-21,6102.442173499618,Headphones,Electronics,2024,12,21
2024-12-22,6616.434611339524,Tablet,Electronics,2024,12,22
2024-12-23,6503.391908426665,Tablet,Electronics,2024,12,23
2024-12-24,6831.151235269692,Headphones,Electronics,2024,12,24
2024-12-25,6278.282830776403,Laptop,Accessories,2024,12,25
2024-12-26,6973.708458383139,Laptop,Accessories,2024,12,26
2024-12-27,7502.567029698968,Tablet,Electronics,2024,12,27
2024-12-28,6704.000258548317,Laptop,Electronics,2024,12,28
2024-12-29,6981.434249426725,Mobile,Electronics,2024,12,29
2024-12-30,7147.858639699722,Headphones,Electronics,2024,12,30
2024-12-31,6624.389764057083,Mobile,Accessories,2024,12,31
2025-01-01,6959.259597061043,Laptop,Electronics,2025,1,1
2025-01-02,6875.717812013644,Tablet,Electronics,2025,1,2
2025-01-03,6940.457716497668,Headphones,Electronics,2025,1,3
2025-01-04,6527.297534874587,Laptop,Electronics,2025,1,4
2025-01-05,6948.219885866918,Laptop,Accessories,2025,1,5
2025-01-06,7207.10084307016,Tablet,Electronics,2025,1,6
2025-01-07,7705.779848796873,Tablet,Electronics,2025,1,7
2025-01-08,7481.914185155868,Mobile,Accessories,2025,1,8
2025-01-09,8100.90004942006,Headphones,Accessories,2025,1,9
2025-01-10,6662.619362737452,Headphones,Accessories,2025,1,10
2025-01-11,7504.387028203583,Tablet,Electronics,2025,1,11
2025-01-12,7181.775502737794,Mobile,Electronics,2025,1,12
2025-01-13,8206.822979613002,Headphones,Accessories,2025,1,13
2025-01-14,6729.523623328374,Tablet,Accessories,2025,1,14
2025-01-15,6735.492374025799,Laptop,Accessories,2025,1,15
2025-01-16,6877.261834812093,Headphones,Accessories,2025,1,16
2025-01-17,6136.534570725706,Mobile,Accessories,2025,1,17
2025-01-18,6957.043713815908,Mobile,Accessories,2025,1,18
2025-01-19,6861.703330915515,Mobile,Electronics,2025,1,19
2025-01-20,7337.719792832218,Laptop,Electronics,2025,1,20
2025-01-21,7454.554110064952,Headphones,Electronics,2025,1,21
2025-01-22,8242.809962498617,Headphones,Accessories,2025,1,22
2025-01-23,7800.875325336632,Laptop,Accessories,2025,1,23
2025-01-24,7058.036161374772,Headphones,Accessories,2025,1,24
2025-01-25,6917.986266938137,Laptop,Accessories,2025,1,25
2025-01-26,7633.735178303685,Laptop,Accessories,2025,1,26
2025-01-27,6748.112738230089,Laptop,Accessories,2025,1,27
2025-01-28,8344.279653830028,Mobile,Electronics,2025,1,28
2025-01-29,8038.453900476431,Headphones,Electronics,2025,1,29
2025-01-30,7234.1877241076245,Laptop,Accessories,2025,1,30
2025-01-31,6632.103679306666,Headphones,Electronics,2025,1,31
2025-02-01,8185.3517944482555,Mobile,Accessories,2025,2,1
2025-02-02,7470.73524891199,Laptop,Electronics,2025,2,2
2025-02-03,8166.34346915435,Tablet,Accessories,2025,2,3
2025-02-04,6769.487926893933,Mobile,Accessories,2025,2,4
2025-02-05,7286.112761976914,Tablet,Electronics,2025,2,5
2025-02-06,7607.348536819855,Headphones,Electronics,2025,2,6
2025-02-07,7646.967166997496,Headphones,Accessories,2025,2,7
2025-02-08,7417.0140127012455,Mobile,Accessories,2025,2,8
2025-02-09,7971.857267063926,Headphones,Electronics,2025,2,9
2025-02-10,7144.819346343685,Tablet,Electronics,2025,2,10
2025-02-11,7625.444875731631,Laptop,Accessories,2025,2,11
2025-02-12,7774.591434688895,Laptop,Electronics,2025,2,12
2025-02-13,7989.272184253042,Laptop,Accessories,2025,2,13
2025-02-14,8105.265766096092,Mobile,Accessories,2025,2,14
2025-02-15,7204.33557636284,Headphones,Accessories,2025,2,15
2025-02-16,7016.586952928101,Tablet,Accessories,2025,2,16
2025-02-17,8439.25543391324,Headphones,Electronics,2025,2,17
2025-02-18,7983.129093686351,Headphones,Electronics,2025,2,18
2025-02-19,7459.062540200286,Headphones,Electronics,2025,2,19
2025-02-20,8624.9908146452,Laptop,Electronics,2025,2,20
2025-02-21,7923.133168217204,Tablet,Electronics,2025,2,21
2025-02-22,8470.594248788691,Tablet,Electronics,2025,2,22
2025-02-23,7930.120328879731,Headphones,Electronics,2025,2,23
2025-02-24,8941.913021448356,Laptop,Accessories,2025,2,24
2025-02-25,8804.146974524016,Laptop,Electronics,2025,2,25
2025-02-26,7816.688552126271,Tablet,Electronics,2025,2,26
2025-02-27,8441.403881111655,Laptop,Accessories,2025,2,27
2025-02-28,8292.505066320102,Laptop,Electronics,2025,2,28
2025-03-01,8668.079737041977,Laptop,Electronics,2025,3,1
2025-03-02,7514.994624439544,Mobile,Accessories,2025,3,2
2025-03-03,8353.917435143463,Headphones,Electronics,2025,3,3
2025-03-04,8553.279753368157,Tablet,Electronics,2025,3,4
2025-03-05,7157.611603247991,Tablet,Electronics,2025,3,5
2025-03-06,7458.001613319355,Mobile,Accessories,2025,3,6
2025-03-07,7042.397723922585,Headphones,Electronics,2025,3,7
2025-03-08,7939.424570963054,Tablet,Electronics,2025,3,8
2025-03-09,8444.742415614615,Laptop,Accessories,2025,3,9
2025-03-10,8848.72020962721,Tablet,Electronics,2025,3,10
2025-03-11,8145.884619032812,Laptop,Accessories,2025,3,11
2025-03-12,8934.16383072754,Mobile,Accessories,2025,3,12
2025-03-13,7440.5456583196965,Laptop,Electronics,2025,3,13
2025-03-14,7289.365296617576,Tablet,Accessories,2025,3,14
2025-03-15,8123.460977143596,Tablet,Accessories,2025,3,15
2025-03-16,8353.162508341955,Tablet,Electronics,2025,3,16
2025-03-17,8154.392563607808,Mobile,Accessories,2025,3,17
2025-03-18,7146.342871831569,Mobile,Accessories,2025,3,18
2025-03-19,8144.540435416026,Headphones,Electronics,2025,3,19
2025-03-20,7545.61359125323,Tablet,Electronics,2025,3,20
2025-03-21,8541.14274468663,Laptop,Electronics,2025,3,21
2025-03-22,8397.772939800516,Mobile,Accessories,2025,3,22
2025-03-23,7752.409549230309,Tablet,Electronics,2025,3,23
2025-03-24,7972.999036419005,Tablet,Accessories,2025,3,24
2025-03-25,7707.615448473456,Mobile,Accessories,2025,3,25
2025-03-26,8212.878358257365,Headphones,Accessories,2025,3,26
2025-03-27,8728.490156397798,Mobile,Accessories,2025,3,27
2025-03-28,7764.461949940384,Mobile,Accessories,2025,3,28
2025-03-29,8515.458678914485,Laptop,Accessories,2025,3,29
2025-03-30,8004.121202053462,Laptop,Accessories,2025,3,30
2025-03-31,7878.332085848718,Headphones,Electronics,2025,3,31
2025-04-01,8226.47555975891,Tablet,Electronics,2025,4,1
2025-04-02,7767.295497445051,Mobile,Accessories,2025,4,2
2025-04-03,8012.721628013765,Headphones,Accessories,2025,4,3
2025-04-04,7694.940769290609,Laptop,Electronics,2025,4,4
2025-04-05,9280.279727323586,Mobile,Accessories,2025,4,5
2025-04-06,8319.290677740035,Tablet,Electronics,2025,4,6
2025-04-07,7955.242557104404,Laptop,Electronics,2025,4,7
2025-04-08,8415.246804634526,Laptop,Electronics,2025,4,8
2025-04-09,8254.95003914804,Laptop,Accessories,2025,4,9
2025-04-10,8203.19279046573,Headphones,Accessories,2025,4,10
2025-04-11,8623.031499985542,Tablet,Electronics,2025,4,11
2025-04-12,8696.680407003636,Mobile,Electronics,2025,4,12
2025-04-13,8054.363117840227,Headphones,Electronics,2025,4,13
2025-04-14,8033.101430310029,Headphones,Electronics,2025,4,14
2025-04-15,8184.592348053238,Headphones,Electronics,2025,4,15
2025-04-16,7171.9772006562725,Laptop,Accessories,2025,4,16
2025-04-17,7565.875017464874,Tablet,Electronics,2025,4,17
2025-04-18,9007.154950709559,Headphones,Accessories,2025,4,18
2025-04-19,9146.164853381088,Mobile,Electronics,2025,4,19
2025-04-20,8198.843560233983,Tablet,Accessories,2025,4,20
2025-04-21,8611.039624918303,Mobile,Accessories,2025,4,21
2025-04-22,8477.5064235672,Tablet,Accessories,2025,4,22
2025-04-23,9860.164335265597,Mobile,Accessories,2025,4,23
2025-04-24,8879.078177910384,Laptop,Accessories,2025,4,24
2025-04-25,8253.624830319011,Headphones,Accessories,2025,4,25
2025-04-26,7837.8344097940035,Mobile,Electronics,2025,4,26
2025-04-27,7510.132642195898,Tablet,Accessories,2025,4,27
2025-04-28,8412.57110866852,Headphones,Electronics,2025,4,28
2025-04-29,7929.881949987341,Headphones,Accessories,2025,4,29
2025-04-30,7593.8853491746995,Tablet,Accessories,2025,4,30
2025-05-01,7978.419876588057,Mobile,Electronics,2025,5,1
2025-05-02,7757.3681262427135,Laptop,Accessories,2025,5,2
2025-05-03,9137.892987286108,Laptop,Electronics,2025,5,3
2025-05-04,8731.068935827789,Mobile,Electronics,2025,5,4
2025-05-05,8281.939158760328,Headphones,Electronics,2025,5,5
2025-05-06,9021.326268168923,Headphones,Electronics,2025,5,6
2025-05-07,8315.222205269725,Headphones,Accessories,2025,5,7
2025-05-08,7840.837845656812,Headphones,Accessories,2025,5,8
2025-05-09,9027.744902417446,Mobile,Electronics,2025,5,9
2025-05-10,8530.104876921045,Headphones,Accessories,2025,5,10
2025-05-11,7736.260964203814,Tablet,Accessories,2025,5,11
2025-05-12,8153.7192737487385,Headphones,Electronics,2025,5,12
2025-05-13,7804.85770083963,Laptop,Accessories,2025,5,13
2025-05-14,7544.822145366428,Headphones,Electronics,2025,5,14
2025-05-15,8692.64632785231,Mobile,Electronics,2025,5,15
2025-05-16,9177.385233911027,Laptop,Accessories,2025,5,16
2025-05-17,7516.299823197605,Mobile,Accessories,2025,5,17
2025-05-18,8489.765845232261,Mobile,Accessories,2025,5,18
2025-05-19,7875.4521249161035,Laptop,Electronics,2025,5,19
2025-05-20,7949.501172331186,Mobile,Electronics,2025,5,20
2025-05-21,7888.95939508965,Mobile,Accessories,2025,5,21
2025-05-22,7745.0593283966555,Headphones,Accessories,2025,5,22
2025-05-23,8193.02362856825,Tablet,Accessories,2025,5,23
2025-05-24,7744.80954175781,Mobile,Accessories,2025,5,24
2025-05-25,8286.852476114842,Mobile,Electronics,2025,5,25
2025-05-26,8117.666197567904,Mobile,Accessories,2025,5,26
2025-05-27,8014.298244471121,Headphones,Electronics,2025,5,27
2025-05-28,7670.807431389378,Tablet,Electronics,2025,5,28
2025-05-29,7826.854773256485,Laptop,Accessories,2025,5,29
2025-05-30,8483.425661074813,Headphones,Accessories,2025,5,30
2025-05-31,8346.520984828045,Headphones,Accessories,2025,5,31
2025-06-01,7597.4641910465,Tablet,Electronics,2025,6,1
2025-06-02,8125.938859823303,Tablet,Accessories,2025,6,2
2025-06-03,8441.853069359757,Headphones,Accessories,2025,6,3
2025-06-04,7221.2040529477745,Laptop,Electronics,2025,6,4
2025-06-05,8317.198880540464,Headphones,Accessories,2025,6,5
2025-06-06,7703.688460496632,Tablet,Electronics,2025,6,6
2025-06-07,8309.6552931122,Laptop,Accessories,2025,6,7
2025-06-08,7631.960698385208,Tablet,Electronics,2025,6,8
2025-06-09,7100.266914871706,Laptop,Accessories,2025,6,9
2025-06-10,7177.942511788186,Mobile,Accessories,2025,6,10
2025-06-11,8004.654786001424,Tablet,Electronics,2025,6,11
2025-06-12,8099.269733085272,Tablet,Electronics,2025,6,12
2025-06-13,7505.948728383622,Headphones,Accessories,2025,6,13
2025-06-14,8266.009048662178,Tablet,Electronics,2025,6,14
2025-06-15,7104.470644064737,Tablet,Electronics,2025,6,15
2025-06-16,7890.625593404349,Mobile,Electronics,2025,6,16
2025-06-17,7306.514080599709,Tablet,Electronics,2025,6,17
2025-06-18,7574.387616329533,Mobile,Accessories,2025,6,18
2025-06-19,7912.220251098002,Mobile,Accessories,2025,6,19
2025-06-20,7446.466207151601,Mobile,Electronics,2025,6,20
2025-06-21,7672.48881361065,Mobile,Electronics,2025,6,21
2025-06-22,8355.953417545737,Laptop,Electronics,2025,6,22
2025-06-23,7552.353262158299,Headphones,Electronics,2025,6,23
2025-06-24,8246.594233485152,Laptop,Accessories,2025,6,24
2025-06-25,7251.805579792886,Tablet,Accessories,2025,6,25
2025-06-26,8069.438838774841,Laptop,Electronics,2025,6,26
2025-06-27,8513.170789562413,Laptop,Electronics,2025,6,27
2025-06-28,6544.391027302148,Tablet,Electronics,2025,6,28
2025-06-29,7369.574605269293,Tablet,Accessories,2025,6,29
2025-06-30,8044.3545038174025,Tablet,Electronics,2025,6,30
2025-07-01,7642.084303867192,Laptop,Accessories,2025,7,1
2025-07-02,7916.965939796966,Laptop,Electronics,2025,7,2
2025-07-03,7417.188966414958,Tablet,Accessories,2025,7,3
2025-07-04,7750.272660731919,Headphones,Electronics,2025,7,4
2025-07-05,7616.948104938168,Headphones,Accessories,2025,7,5
2025-07-06,8266.504551596441,Mobile,Electronics,2025,7,6
2025-07-07,7797.673671833409,Tablet,Electronics,2025,7,7
2025-07-08,7827.142323915907,Mobile,Electronics,2025,7,8
2025-07-09,7440.313339486185,Headphones,Accessories,2025,7,9
2025-07-10,7390.397691043879,Mobile,Electronics,2025,7,10
2025-07-11,7405.913893151673,Tablet,Accessories,2025,7,11
2025-07-12,7807.459485463587,Tablet,Accessories,2025,7,12
2025-07-13,7387.834869796291,Tablet,Electronics,2025,7,13
2025-07-14,7731.36651300841,Laptop,Electronics,2025,7,14
2025-07-15,8612.394729092108,Mobile,Electronics,2025,7,15
2025-07-16,7998.540171234912,Headphones,Accessories,2025,7,16
2025-07-17,7388.322741188072,Headphones,Electronics,2025,7,17
2025-07-18,8140.376285882757,Headphones,Accessories,2025,7,18
2025-07-19,7324.2494942157355,Laptop,Accessories,2025,7,19
2025-07-20,6497.830691475246,Laptop,Electronics,2025,7,20
2025-07-21,7001.548362316768,Tablet,Electronics,2025,7,21
2025-07-22,6558.99172681634,Headphones,Electronics,2025,7,22
2025-07-23,7307.52952724958,Laptop,Electronics,2025,7,23
2025-07-24,7481.501224390811,Tablet,Electronics,2025,7,24
2025-07-25,8299.628379481175,Headphones,Electronics,2025,7,25
2025-07-26,7614.1077280664595,Mobile,Accessories,2025,7,26
2025-07-27,7330.449395626016,Tablet,Accessories,2025,7,27
2025-07-28,7844.18400624125,Laptop,Accessories,2025,7,28
2025-07-29,6313.525651987599,Laptop,Electronics,2025,7,29
2025-07-30,7526.647771380419,Tablet,Accessories,2025,7,30
2025-07-31,7784.159889834793,Tablet,Accessories,2025,7,31
2025-08-01,6649.465063664305,Laptop,Accessories,2025,8,1
2025-08-02,7950.814630587612,Mobile,Accessories,2025,8,2
2025-08-03,7538.518155585274,Headphones,Accessories,2025,8,3
2025-08-04,7152.115604508948,Mobile,Electronics,2025,8,4
2025-08-05,7666.801670642966,Tablet,Electronics,2025,8,5
2025-08-06,8476.574160997874,Mobile,Accessories,2025,8,6
2025-08-07,7423.147875236775,Laptop,Accessories,2025,8,7
2025-08-08,7447.486229925246,Tablet,Accessories,2025,8,8
2025-08-09,7085.034950266551,Headphones,Electronics,2025,8,9
2025-08-10,6881.31500067177,Laptop,Electronics,2025,8,10
2025-08-11,7713.113195035558,Laptop,Accessories,2025,8,11
2025-08-12,6861.801729836482,Headphones,Electronics,2025,8,12
2025-08-13,7317.719254396163,Headphones,Electronics,2025,8,13
2025-08-14,7035.397867140426,Mobile,Accessories,2025,8,14
2025-08-15,7506.2086859862175,Tablet,Electronics,2025,8,15
2025-08-16,7426.247442536296,Headphones,Electronics,2025,8,16
2025-08-17,7771.093058452989,Headphones,Accessories,2025,8,17
2025-08-18,6990.43424648614,Tablet,Electronics,2025,8,18
2025-08-19,7103.840521504718,Headphones,Electronics,2025,8,19
2025-08-20,6742.951314576838,Headphones,Accessories,2025,8,20
2025-08-21,7003.964757171401,Mobile,Electronics,2025,8,21
2025-08-22,7408.766205155385,Laptop,Electronics,2025,8,22
2025-08-23,7592.844453243962,Laptop,Accessories,2025,8,23
2025-08-24,6747.7344741285715,Laptop,Accessories,2025,8,24
2025-08-25,7638.323013731886,Laptop,Accessories,2025,8,25
2025-08-26,7876.280877956559,Headphones,Electronics,2025,8,26
2025-08-27,7400.363252887941,Tablet,Accessories,2025,8,27
2025-08-28,8127.472426860397,Tablet,Electronics,2025,8,28
2025-08-29,6797.856343095152,Mobile,Accessories,2025,8,29
2025-08-30,6558.350478594465,Mobile,Electronics,2025,8,30
2025-08-31,6287.49774749795,Headphones,Accessories,2025,8,31
2025-09-01,7921.315837035269,Tablet,Accessories,2025,9,1
2025-09-02,7497.170624203493,Tablet,Accessories,2025,9,2
2025-09-03,7139.15034191528,Laptop,Accessories,2025,9,3
2025-09-04,7304.145022425001,Headphones,Electronics,2025,9,4
2025-09-05,6598.899674026127,Headphones,Accessories,2025,9,5
2025-09-06,8382.271359714197,Laptop,Accessories,2025,9,6
2025-09-07,7222.026964928221,Headphones,Electronics,2025,9,7
2025-09-08,7210.406675109352,Headphones,Accessories,2025,9,8
2025-09-09,7517.1593809113665,Mobile,Electronics,2025,9,9
2025-09-10,7393.623269572925,Tablet,Accessories,2025,9,10
2025-09-11,7264.180868749146,Headphones,Accessories,2025,9,11
2025-09-12,6756.4011922651725,Mobile,Accessories,2025,9,12
2025-09-13,7387.053181937553,Tablet,Electronics,2025,9,13
2025-09-14,8092.29443125022,Laptop,Accessories,2025,9,14
2025-09-15,7824.23947451334,Mobile,Accessories,2025,9,15
2025-09-16,7948.655530295635,Mobile,Accessories,2025,9,16
2025-09-17,6897.273965155346,Tablet,Electronics,2025,9,17
2025-09-18,6659.187039238342,Laptop,Electronics,2025,9,18
2025-09-19,7092.492848304686,Mobile,Accessories,2025,9,19
2025-09-20,7184.935904164366,Headphones,Electronics,2025,9,20
2025-09-21,7706.147609271644,Headphones,Accessories,2025,9,21
2025-09-22,6315.09009491025,Headphones,Accessories,2025,9,22
2025-09-23,7928.661095736852,Laptop,Accessories,2025,9,23
2025-09-24,7087.739201443091,Mobile,Accessories,2025,9,24
2025-09-25,6956.454153925592,Headphones,Accessories,2025,9,25
2025-09-26,6667.288910615746,Laptop,Accessories,2025,9,26
2025-09-27,6349.654503201723,Headphones,Accessories,2025,9,27
2025-09-28,7592.705576395924,Tablet,Electronics,2025,9,28
2025-09-29,7222.112702906845,Mobile,Electronics,2025,9,29
2025-09-30,6545.102891474735,Mobile,Electronics,2025,9,30
2025-10-01,6547.4698742320015,Laptop,Electronics,2025,10,1
2025-10-02,7032.339148375045,Laptop,Electronics,2025,10,2
2025-10-03,8040.260751405012,Mobile,Electronics,2025,10,3
2025-10-04,7081.768903162633,Headphones,Electronics,2025,10,4
2025-10-05,6466.103550332791,Headphones,Accessories,2025,10,5
2025-10-06,7101.209471809849,Tablet,Accessories,2025,10,6
2025-10-07,7094.420308232213,Headphones,Accessories,2025,10,7
2025-10-08,5889.334469111282,Laptop,Accessories,2025,10,8
2025-10-09,7217.920071653741,Laptop,Electronics,2025,10,9
2025-10-10,7137.183292501674,Headphones,Electronics,2025,10,10
2025-10-11,7608.629365654618,Laptop,Accessories,2025,10,11
2025-10-12,8193.171577201063,Mobile,Accessories,2025,10,12
2025-10-13,7840.4341732682215,Mobile,Electronics,2025,10,13
2025-10-14,7151.455199550164,Headphones,Accessories,2025,10,14
2025-10-15,6741.673123777658,Mobile,Accessories,2025,10,15
2025-10-16,8590.939963970075,Mobile,Accessories,2025,10,16
2025-10-17,7343.479433134943,Tablet,Accessories,2025,10,17
2025-10-18,7330.7298193645665,Tablet,Electronics,2025,10,18
2025-10-19,7321.880940149845,Mobile,Accessories,2025,10,19
2025-10-20,7443.445992956785,Headphones,Accessories,2025,10,20
2025-10-21,7282.963736096132,Tablet,Electronics,2025,10,21
2025-10-22,7079.331767736956,Laptop,Electronics,2025,10,22
2025-10-23,7104.028845800607,Laptop,Accessories,2025,10,23
2025-10-24,7372.652077175366,Laptop,Electronics,2025,10,24
2025-10-25,7129.159626247783,Headphones,Accessories,2025,10,25
2025-10-26,7056.563295858782,Mobile,Accessories,2025,10,26
2025-10-27,7478.584244193706,Laptop,Electronics,2025,10,27
2025-10-28,7310.530044830024,Headphones,Accessories,2025,10,28
2025-10-29,8202.92898434798,Tablet,Accessories,2025,10,29
2025-10-30,6138.6233906592515,Mobile,Accessories,2025,10,30
2025-10-31,8023.297071231635,Tablet,Accessories,2025,10,31
2025-11-01,8114.278637973011,Headphones,Electronics,2025,11,1
2025-11-02,6468.487792268396,Laptop,Electronics,2025,11,2
2025-11-03,7348.037797325347,Laptop,Accessories,2025,11,3
2025-11-04,7348.108940636296,Headphones,Electronics,2025,11,4
2025-11-05,6844.767599338675,Laptop,Accessories,2025,11,5
2025-11-06,7174.552597197202,Mobile,Accessories,2025,11,6
2025-11-07,7023.35098909241,Headphones,Accessories,2025,11,7
2025-11-08,8470.189564955033,Tablet,Accessories,2025,11,8
2025-11-09,8077.543345502955,Headphones,Accessories,2025,11,9
2025-11-10,8261.36272061314,Mobile,Electronics,2025,11,10
2025-11-11,8002.530223543055,Mobile,Accessories,2025,11,11
2025-11-12,7093.5020266948295,Headphones,Electronics,2025,11,12
2025-11-13,7412.322843896127,Headphones,Electronics,2025,11,13
2025-11-14,7936.043242318046,Laptop,Accessories,2025,11,14
2025-11-15,7097.279473272252,Mobile,Accessories,2025,11,15
2025-11-16,8082.040888034547,Headphones,Accessories,2025,11,16
2025-11-17,7622.784533697266,Headphones,Accessories,2025,11,17
2025-11-18,7573.145977392256,Mobile,Accessories,2025,11,18
2025-11-19,8133.845365859466,Headphones,Electronics,2025,11,19
2025-11-20,8018.5020947080375,Laptop,Accessories,2025,11,20
2025-11-21,7634.084616200283,Mobile,Accessories,2025,11,21
2025-11-22,8412.618153241256,Laptop,Electronics,2025,11,22
2025-11-23,7310.9914660849245,Laptop,Electronics,2025,11,23
2025-11-24,8178.241116511367,Laptop,Accessories,2025,11,24
2025-11-25,8185.75035553039,Laptop,Electronics,2025,11,25
2025-11-26,7753.525024051886,Mobile,Accessories,2025,11,26
2025-11-27,8090.631197953438,Laptop,Electronics,2025,11,27
2025-11-28,7321.438040269049,Laptop,Electronics,2025,11,28
2025-11-29,8428.597902237902,Headphones,Accessories,2025,11,29
2025-11-30,7893.8779879264,Mobile,Electronics,2025,11,30
2025-12-01,7744.862939580501,Mobile,Electronics,2025,12,1
2025-12-02,8550.770772802656,Tablet,Electronics,2025,12,2
2025-12-03,7694.27788382577,Mobile,Electronics,2025,12,3
2025-12-04,7362.54001007781,Mobile,Electronics,2025,12,4
2025-12-05,7308.909820687615,Tablet,Electronics,2025,12,5
2025-12-06,8410.811373060504,Mobile,Accessories,2025,12,6
2025-12-07,7488.297334545885,Mobile,Accessories,2025,12,7
2025-12-08,9026.733684748575,Mobile,Electronics,2025,12,8
2025-12-09,7129.310753167467,Mobile,Accessories,2025,12,9
2025-12-10,9039.552061968647,Tablet,Accessories,2025,12,10
2025-12-11,8317.985834007195,Mobile,Accessories,2025,12,11
2025-12-12,8185.373782372438,Mobile,Electronics,2025,12,12
2025-12-13,7982.619231939236,Tablet,Accessories,2025,12,13
2025-12-14,8476.085624295425,Headphones,Electronics,2025,12,14
2025-12-15,8279.224491253468,Laptop,Accessories,2025,12,15
2025-12-16,8871.297645892073,Headphones,Electronics,2025,12,16
2025-12-17,8398.44105832507,Tablet,Electronics,2025,12,17
2025-12-18,8438.229367726772,Laptop,Accessories,2025,12,18
2025-12-19,8203.089394024451,Tablet,Accessories,2025,12,19
2025-12-20,8378.300478296222,Tablet,Electronics,2025,12,20
2025-12-21,8582.607740264551,Mobile,Accessories,2025,12,21
2025-12-22,7595.606983007405,Laptop,Accessories,2025,12,22
2025-12-23,7798.628516833877,Mobile,Accessories,2025,12,23
2025-12-24,8866.424002112004,Laptop,Electronics,2025,12,24
2025-12-25,8602.331021616536,Tablet,Electronics,2025,12,25
2025-12-26,8447.043533086213,Tablet,Accessories,2025,12,26
2025-12-27,8570.414539730376,Headphones,Accessories,2025,12,27
2025-12-28,8757.17118545758,Laptop,Accessories,2025,12,28
2025-12-29,8335.698548222572,Mobile,Electronics,2025,12,29
2025-12-30,8238.634281143008,Headphones,Electronics,2025,12,30
2025-12-31,8747.922627548842,Headphones,Accessories,2025,12,31
